-- --------------------------------------------------------
-- Host:                         127.0.0.1
-- Szerver verzió:               8.0.21 - MySQL Community Server - GPL
-- Szerver OS:                   Linux
-- HeidiSQL Verzió:              11.0.0.5919
-- --------------------------------------------------------

/*!40101 SET @OLD_CHARACTER_SET_CLIENT=@@CHARACTER_SET_CLIENT */;
/*!40101 SET NAMES utf8 */;
/*!50503 SET NAMES utf8mb4 */;
/*!40014 SET @OLD_FOREIGN_KEY_CHECKS=@@FOREIGN_KEY_CHECKS, FOREIGN_KEY_CHECKS=0 */;
/*!40101 SET @OLD_SQL_MODE=@@SQL_MODE, SQL_MODE='NO_AUTO_VALUE_ON_ZERO' */;

-- Tábla adatainak mentése wup.author: ~101 rows (hozzávetőleg)
/*!40000 ALTER TABLE `author` DISABLE KEYS */;
INSERT INTO `author` (`id`, `born_at`, `born_in`, `name`) VALUES
	(1, '1950-01-02 00:00:00', 'Pakistan', 'Mavis Denning'),
	(2, '1969-04-18 00:00:00', 'Mexico', 'Elton Ricci'),
	(3, '1981-08-18 00:00:00', 'Mauritius', 'Maximo Reese'),
	(4, '1970-04-28 00:00:00', 'Luxembourg', 'Augustus Dayton'),
	(5, '1994-05-16 00:00:00', 'Denmark', 'Arthur Ritchie'),
	(6, '1954-10-17 00:00:00', 'Ireland', 'Eugene Wylie'),
	(7, '1957-07-28 00:00:00', 'Switzerland', 'Kendrick Hicks'),
	(8, '1959-01-26 00:00:00', 'Yemen', 'Haywood Foust'),
	(9, '1965-08-22 00:00:00', 'India', 'Emil Granger'),
	(10, '1930-11-10 00:00:00', 'Nicaragua', 'Yuko Horne'),
	(11, '1968-06-09 00:00:00', 'Austria', 'Victor Serrano'),
	(12, '1951-04-13 00:00:00', 'Cyprus', 'Arnulfo Villareal'),
	(13, '1931-02-22 00:00:00', 'Gambia', 'Judy Hodgson'),
	(14, '1953-12-07 00:00:00', 'Belize', 'Maple Steel'),
	(15, '1950-01-20 00:00:00', 'Hungary', 'Edgar Marchand'),
	(16, '1960-02-16 00:00:00', 'Jordan', 'Kia Alston'),
	(17, '1948-12-19 00:00:00', 'Saudi Arabia', 'Jesenia Chen'),
	(18, '1967-11-19 00:00:00', 'Lebanon', 'Ailene Clevenger'),
	(19, '1996-06-30 00:00:00', 'Georgia', 'Val Lavigne'),
	(20, '1945-09-14 00:00:00', 'Albania', 'Henrietta Moreau'),
	(21, '1950-01-10 00:00:00', 'Portugal', 'Dennis Peterman'),
	(22, '1930-01-07 00:00:00', 'Albania', 'Jason Woodall'),
	(23, '1950-03-14 00:00:00', 'Spain', 'Maurine Dunn'),
	(24, '1942-09-27 00:00:00', 'Paraguay', 'Lilia Wiese'),
	(25, '1987-04-29 00:00:00', 'Ghana', 'Javier Agee'),
	(26, '1986-05-16 00:00:00', 'Slovakia', 'Harold Ashe'),
	(27, '1950-02-13 00:00:00', 'Bahrain', 'Sean Mcelroy'),
	(28, '1975-05-07 00:00:00', 'Luxembourg', 'Norman Maxey'),
	(29, '1982-05-17 00:00:00', 'Swaziland', 'Particia Doll'),
	(30, '1996-08-14 00:00:00', 'Guyana', 'Dane Earl'),
	(31, '1937-02-16 00:00:00', 'Ireland', 'Dione Barbour'),
	(32, '1994-10-19 00:00:00', 'Japan', 'Helene Groce'),
	(33, '1965-03-08 00:00:00', 'Poland', 'Jean Slater'),
	(34, '1950-01-08 00:00:00', 'Myanmar', 'Rebeca Waller'),
	(35, '1959-02-27 00:00:00', 'Estonia', 'Buster Burgess'),
	(36, '1935-01-24 00:00:00', 'Nicaragua', 'Orville Paris'),
	(37, '1950-03-03 00:00:00', 'South Africa', 'Stefania Sanchez'),
	(38, '1947-12-30 00:00:00', 'Czech Republic', 'Jesica Olvera'),
	(39, '1992-11-01 00:00:00', 'Yemen', 'Beulah Cervantes'),
	(40, '1961-12-31 00:00:00', 'Guatemala', 'Dorathy Eagle'),
	(41, '1950-05-31 00:00:00', 'Qatar', 'Paris Rush'),
	(42, '1944-02-01 00:00:00', 'Botswana', 'Gerald James'),
	(43, '1986-08-25 00:00:00', 'Ecuador', 'Allie Venegas'),
	(44, '1949-06-13 00:00:00', 'Zambia', 'Ruben Ahrens'),
	(45, '1932-01-10 00:00:00', 'Chile', 'Rufus Kimble'),
	(46, '1955-11-03 00:00:00', 'Qatar', 'Hans Parr'),
	(47, '1977-02-19 00:00:00', 'Switzerland', 'Neely Poole'),
	(48, '1952-07-23 00:00:00', 'Morocco', 'Quinton Weddle'),
	(49, '1950-11-26 00:00:00', 'Mauritania', 'Edison Tilton'),
	(50, '1950-01-14 00:00:00', 'United Kingdom', 'Jonah Causey'),
	(51, '1939-01-01 00:00:00', 'Korea', 'Claudio Gooden'),
	(52, '1943-04-19 00:00:00', 'Ghana', 'Elinore Grisham'),
	(53, '1938-10-01 00:00:00', 'Viet Nam', 'Aron Collier'),
	(54, '1951-08-11 00:00:00', 'Indonesia', 'Augustus Fain'),
	(55, '1977-08-14 00:00:00', 'Morocco', 'Oliver Noriega'),
	(56, '1957-10-20 00:00:00', 'Canada', 'Louvenia Snow'),
	(57, '1996-05-28 00:00:00', 'Bangladesh', 'Latoria Higgins'),
	(58, '1973-05-23 00:00:00', 'Fiji', 'Henry Shelton'),
	(59, '1989-04-18 00:00:00', 'Argentina', 'Ashly Wynn'),
	(60, '1993-11-03 00:00:00', 'Finland', 'Monserrate Motley'),
	(61, '1950-02-06 00:00:00', 'Malta', 'Anderson Miner'),
	(62, '1961-01-26 00:00:00', 'United Kingdom', 'Winford Keeling'),
	(63, '1950-08-14 00:00:00', 'United Kingdom', 'Clement Taylor'),
	(64, '1976-06-24 00:00:00', 'Mauritania', 'Bernadette Travers'),
	(65, '1992-04-12 00:00:00', 'Czech Republic', 'Lauren Libby'),
	(66, '1965-12-16 00:00:00', 'Qatar', 'Stanley Logan'),
	(67, '1958-04-07 00:00:00', 'Bahrain', 'Chrissy Root'),
	(68, '1950-02-11 00:00:00', 'Lithuania', 'Emelina Mora'),
	(69, '1950-01-03 00:00:00', 'Luxembourg', 'Garret Kendrick'),
	(70, '1987-01-26 00:00:00', 'Luxembourg', 'Tyisha Callender'),
	(71, '1931-09-06 00:00:00', 'Zimbabwe', 'Julio Vincent'),
	(72, '1987-05-27 00:00:00', 'Uganda', 'Caroyln Reynolds'),
	(73, '1997-11-01 00:00:00', 'Moldova', 'Everett Roden'),
	(74, '1972-08-06 00:00:00', 'Iraq', 'Argelia Wofford'),
	(75, '1968-06-12 00:00:00', 'Hungary', 'Maritza Esposito'),
	(76, '1931-08-26 00:00:00', 'Cuba', 'Travis Bowles'),
	(77, '1950-03-12 00:00:00', 'Zambia', 'Nieves Dalton'),
	(78, '1950-01-08 00:00:00', 'Canada', 'Hattie Boykin'),
	(79, '1963-03-17 00:00:00', 'France', 'Edgar Mcinnis'),
	(80, '1976-05-26 00:00:00', 'Afghanistan', 'Kasey Elmore'),
	(81, '1937-01-18 00:00:00', 'Viet Nam', 'Jamie Mcmillan'),
	(82, '1985-01-30 00:00:00', 'Uganda', 'Allan Spalding'),
	(83, '1975-12-11 00:00:00', 'Viet Nam', 'Burma Ferris'),
	(84, '1951-12-20 00:00:00', 'Malawi', 'Karina Thorn'),
	(85, '1981-02-09 00:00:00', 'Pakistan', 'Ofelia Tripp'),
	(86, '1950-01-20 00:00:00', 'Lebanon', 'Mariette Clanton'),
	(87, '1950-03-23 00:00:00', 'Slovenia', 'Benny Frick'),
	(88, '1950-12-20 00:00:00', 'Lithuania', 'Vaughn Myrick'),
	(89, '1994-02-28 00:00:00', 'Thailand', 'Shane Salazar'),
	(90, '1941-07-10 00:00:00', 'Albania', 'Anton Mcgee'),
	(91, '1959-10-14 00:00:00', 'Pakistan', 'Carly Tran'),
	(92, '1968-03-21 00:00:00', 'Guatemala', 'Andreas Brink'),
	(93, '1938-08-26 00:00:00', 'Malta', 'Burl Lamb'),
	(94, '1958-10-20 00:00:00', 'Moldova', 'Ilona Denham'),
	(95, '1975-03-21 00:00:00', 'Suriname', 'Jarod Fugate'),
	(96, '1951-03-25 00:00:00', 'Moldova', 'Otha Hughey'),
	(97, '1950-07-11 00:00:00', 'Argentina', 'Miesha Gaines'),
	(98, '1936-01-21 00:00:00', 'Brazil', 'Bettyann Patten'),
	(99, '1931-04-06 00:00:00', 'South Africa', 'Melvin Pickard'),
	(100, '1950-08-17 00:00:00', 'Korea', 'Renda Rosen'),
	(101, '1892-01-03 00:00:00', 'Bloemfontein, Orange Free State', 'J. R. R. Tolkien');
/*!40000 ALTER TABLE `author` ENABLE KEYS */;

-- Tábla adatainak mentése wup.author_books: ~250 rows (hozzávetőleg)
/*!40000 ALTER TABLE `author_books` DISABLE KEYS */;
INSERT INTO `author_books` (`author_id`, `books_book_id`) VALUES
	(92, '0047635e-47b9-4f67-b767-80f2bb48c2aa'),
	(56, '02fe6d67-ffef-4668-8761-5a54b6d6e226'),
	(36, '03589ff9-12fd-4443-9963-ea69040aac55'),
	(16, '037992be-5a35-4841-991f-1ec15bbbe073'),
	(66, '046bff73-0bb3-4a1f-b9cd-c7d379235954'),
	(70, '0524bd48-8c27-4c13-bc83-388f26d74040'),
	(15, '06918745-9f49-48d2-bb84-f3986e2a3ade'),
	(66, '0708e0ac-8c12-4b69-bcb1-a100f2474c69'),
	(1, '0748219c-c08d-466c-bf02-dd9f22869de5'),
	(21, '0791b969-6545-4f9b-80e2-00f3a5ae4a01'),
	(91, '082387bc-080c-4d2d-ad09-0f650733a10b'),
	(11, '08eaa47e-493f-4620-ab45-33f88ba6241d'),
	(86, '096fe180-f8b9-4000-b5ae-f9f5673cd07d'),
	(84, '0998d0ad-b6e2-4b8e-981f-bda9fd921d22'),
	(44, '09a3e8f2-192d-4c88-8e2e-3ad3859ef838'),
	(9, '09cfa342-1e85-4f49-8164-f121b81e1425'),
	(62, '09e38cb8-7983-44e8-a700-a0e8cb4a9ae7'),
	(50, '0ae158cc-ac49-4fa5-b194-e7961739a874'),
	(65, '0cf7abb7-a5c6-4dbb-8346-15dc8f9bb413'),
	(89, '0dba74c3-6ae7-4649-990e-84b16a5611aa'),
	(53, '0e7d8645-b79e-4316-8ea0-8b4dd5626524'),
	(17, '0e8ca801-1b19-4751-9e70-f63d4b6b72fa'),
	(72, '0f711236-f233-4370-9c07-8febe601e312'),
	(41, '0f978f4b-a968-4792-bdc6-2745d3916409'),
	(99, '0fdf8990-2cc3-42db-8e98-c1eced2e505a'),
	(98, '106a6d91-323e-42d1-bb0c-416c3feed0be'),
	(47, '1127291d-18d0-4292-b03b-ef530febf872'),
	(42, '118ec9ab-a541-4de6-ab70-8dddfeea1578'),
	(94, '128fa908-844b-4bf3-ad50-8192ec9ec6a6'),
	(91, '12c79f6d-df6a-460a-a571-dcbd7b4422d9'),
	(31, '12f85e55-7b4c-4ce9-ac66-8a94b852301d'),
	(15, '1641fb2c-c791-4f18-82fd-96770010ebd4'),
	(4, '16eca704-ceed-4a78-b331-6b4aa106e31f'),
	(90, '16fc405c-8cc2-418c-97ba-440d55e72162'),
	(34, '1716e001-42f9-468d-a8ab-eef7fcfeec6b'),
	(90, '175e0933-482b-4d0d-ac08-abf2eec1840f'),
	(1, '17720c46-d29e-4631-a257-26b911949454'),
	(29, '178f0c51-805c-4464-949f-aba144d54fd0'),
	(7, '17c53b1b-afb7-4ca1-8d56-9e177e7481c7'),
	(3, '1854f90b-4241-43db-b902-c471fcb30fe0'),
	(73, '1d380323-c13e-419d-a5e6-4c1627828e2d'),
	(45, '1e77cfa9-e39d-4d93-90da-e7e1e30981b8'),
	(89, '1f48c0ce-5a17-4cb2-9307-db54b8f7a33a'),
	(100, '1f5af79b-7d03-4063-803a-e6123433c0fa'),
	(89, '206f7166-b1fe-47f4-a4ac-55d23acf40f0'),
	(88, '21894a74-37ac-4694-8dfd-1ac3edca5fe8'),
	(21, '249b094e-2c56-4655-b441-68d8daac85f9'),
	(25, '26dde4db-9700-4168-98c6-c0ae8b676cc8'),
	(67, '29601350-046d-4889-bcc9-62c88904c7bb'),
	(7, '2a322ea2-0237-4f4e-8962-0903fa1f908a'),
	(88, '2c7acb7f-9345-48a5-89a3-5c8cb782e26d'),
	(43, '2cc803fc-25a8-4402-b65b-2dab80e36db9'),
	(60, '2d87249d-0a01-4336-ad16-a8309710e8a3'),
	(20, '2da22ae6-33b0-4e12-b5f5-d438f66749ee'),
	(61, '2e19027c-206c-40f6-a535-caa523a656e1'),
	(85, '2f8d3af1-5bd6-4303-ba5e-3e3f523e3ae4'),
	(83, '2faab5a7-eaee-4f12-aa27-a74bc11bcb07'),
	(53, '3127213f-2808-4cdb-a5f7-e971c90417f6'),
	(79, '3442e7e6-0fb0-4255-9531-230259d0d85b'),
	(77, '349a77c2-71d0-4256-b40a-e9cf53f995f1'),
	(17, '34b2d2b5-4d90-474e-80ac-6a61e11fefac'),
	(6, '355950c4-0c6d-4604-b5eb-202f8a6aa1f4'),
	(46, '36eedd71-c669-4faf-b724-6d11a132c72f'),
	(97, '37ebbf64-3f58-474e-8de9-eea224a706c1'),
	(64, '3907a693-41dd-4388-9519-ed93ba1976ac'),
	(42, '392370f5-c324-4f4e-82ea-0767a07e8293'),
	(98, '39ec9497-8fd1-4288-b305-91e45ee2129e'),
	(96, '3ab05fca-df37-4751-91c2-0239410c3fba'),
	(82, '3b424b76-cf4c-40f5-a3d6-11f5c8c760f9'),
	(96, '3cf7665a-e0a6-4237-b374-37284c4b1a74'),
	(45, '3db6666b-28b2-4e8e-96a8-3092432c3477'),
	(6, '3e3437c9-7819-4903-8231-dd1d7f4a9147'),
	(81, '40fc003f-ae74-49e3-91c4-c54435e6e269'),
	(37, '41551517-1d70-4891-afae-6264140e7a81'),
	(10, '437ccbbb-d953-4276-aaef-3b6fa807c793'),
	(68, '43af32d8-2f21-4b69-8f86-7c89361dc923'),
	(26, '44765f98-9bbd-4833-832c-e18eb216fdc7'),
	(74, '44ae6b18-a12d-441b-93ab-ce7bb7e50cf0'),
	(9, '455a4466-3053-4024-85b7-a5be7f542945'),
	(63, '4565fa14-6770-4f7e-9cd0-10f77a385642'),
	(67, '479667fb-3497-4e7a-8a27-176a40922388'),
	(43, '4852d753-1692-472c-beea-b8ef820b0e52'),
	(81, '4887eb3b-fd1a-4b78-b749-b3d334e3f831'),
	(79, '4969e670-332f-4f5d-a9cc-464a71a1313c'),
	(22, '4a2c6c73-89a1-480e-a9eb-bce375bdd8fb'),
	(33, '4ac53de9-f630-4f85-94cf-375d4a3e8db2'),
	(28, '4b2d037c-d364-470d-9438-880230a02809'),
	(66, '4b5cbfc6-4b5d-42c4-87ad-43a1a1df37b9'),
	(82, '4b63ed68-967d-4733-bfba-5cabc286af74'),
	(51, '4cc45dcb-d554-4707-88b0-c79a99f7a034'),
	(82, '4d416f90-9adb-48c4-bb36-b778f39a8005'),
	(4, '4d5d7471-a077-4a2a-937b-3a270b9f1db0'),
	(24, '507c5348-fe4a-48cb-ad52-ca5afefc2c83'),
	(49, '51b789ee-55e0-4e20-a6db-45e2cda9e088'),
	(64, '539d6ff2-9767-40ce-8bdb-19e490288873'),
	(32, '54a93bd6-8cba-4771-94a5-a7f7ffd2ceb0'),
	(63, '55544f43-62f7-4afc-9b0e-fe6523108adc'),
	(19, '589d19f5-baa6-4752-8b99-740faf5e42c1'),
	(62, '58e5676e-c532-4708-9007-e0ec963b15fb'),
	(48, '59d3864c-6008-482a-ac3f-55581e15713b'),
	(47, '5aad856c-d912-4e18-8ad0-9414ec0edbb9'),
	(36, '5e8b5029-8748-43f3-8c5a-30e383e01e01'),
	(92, '5eb9a764-0644-4bdd-ab8c-743ad4621aac'),
	(50, '5fc7a4cd-ff63-4ca1-beb1-3f36d225ccdf'),
	(63, '60015fad-6765-4565-b1b9-d1e099d2f50a'),
	(20, '61e3a621-0108-46d1-b0bd-f3010c29eb1e'),
	(68, '620a88dc-e404-4bad-80d1-26ceaab18bd1'),
	(61, '62ebe732-e9ce-4f56-9e53-eaf670e0f683'),
	(27, '63a8e71a-e79b-4a48-bd0b-e9f03bc792fb'),
	(13, '64734bb1-bdc2-4033-aefa-553794c14bbb'),
	(48, '6494a0aa-4aad-4834-872e-48e6f8e3d2f2'),
	(48, '6499d57f-a90b-4fc9-baf4-dd8a640986a0'),
	(2, '67fdbd56-70f3-4110-964d-2496160eb0d1'),
	(58, '69d5c234-f26b-49da-82cf-d447428cfb26'),
	(5, '69ec28b8-a00a-415c-9ec7-ee22afb0e3b4'),
	(65, '6a0777f7-99ea-4e60-80eb-724807dda8bb'),
	(57, '6b68e747-0300-4004-a81f-2c53f642180c'),
	(75, '6be8a711-64d5-4589-88fc-87eb46916546'),
	(93, '6beb6a70-55a7-4192-beef-55803dacd099'),
	(83, '6d8f4377-366e-4f63-8058-63d124bafc66'),
	(31, '715ad0a5-f26f-45aa-9f54-b870d54dfa0b'),
	(54, '74bf96cd-fb98-4181-80ec-fef83ce9e096'),
	(76, '756d2f3e-5b68-42c5-9b66-0eefbd82bec0'),
	(80, '76101ee6-06ac-455a-8d3e-8a5a60a8b103'),
	(86, '769b776c-ff47-46a8-b357-68ecbb4df4b1'),
	(34, '77109fa7-a232-4b63-a735-7a0f4399ab4e'),
	(95, '78bd53be-18a1-465b-b779-a430abfe8791'),
	(44, '7902d98a-197e-4104-afaf-96699fdebaee'),
	(65, '7b1d8894-3ef5-4ae2-89c6-1ebd6b9dcdfa'),
	(86, '7ce785cb-1d5a-4cd3-8b70-7a407f81eeb4'),
	(26, '7cf58d69-fe3e-4d23-829c-1639d028741c'),
	(18, '7e7f9488-cc21-45a8-9ce0-5ed5d023403a'),
	(81, '7ee135f5-897f-4691-a90a-5f0907fc9afa'),
	(84, '7ef72c7f-62f0-4e0f-a399-17d434457b90'),
	(68, '811deaf2-36dc-44d8-9647-e0a14d986ed0'),
	(83, '81549a1d-fd5f-4df7-aa1d-bec942c44452'),
	(46, '81856010-2c98-4f5d-bab8-8086934a271a'),
	(62, '82fd0468-27f1-4f94-b083-02c4ecc2c206'),
	(70, '83de41e6-4a99-45e1-a7fb-1027d52caea2'),
	(14, '84746b6e-a51d-4824-a682-c604ae9f6edb'),
	(25, '851967b2-3559-4ca8-861e-a230e6ff30d2'),
	(23, '8554b7ce-4e65-4585-ba64-030aa2db630e'),
	(90, '86d1d66b-9680-40c3-a7f9-222e49e64077'),
	(1, '872b03a5-7667-4964-9d72-4c2e8d746623'),
	(28, '893be9fb-4728-4a93-bc4b-68df34054f62'),
	(27, '8950a6f9-992f-4b87-907c-95ddfb7a5de1'),
	(78, '8bfe992b-d1c4-49b5-8c9a-60949304850f'),
	(10, '8eeae3c0-424f-4ef6-b8f3-22b4937f53d5'),
	(5, '8f452785-53d0-4972-939c-bac64a4da4d2'),
	(85, '8fe05c05-d80c-4ff3-a23f-678c73ae472b'),
	(22, '9097b5e7-40ca-4151-b256-0b6cd0b8d896'),
	(40, '9164bf25-daa5-4ba6-bcab-cf58effdcffc'),
	(13, '952541ad-c239-4f4b-b1b5-1d79cdee2585'),
	(26, '9556f5f3-1f18-4de7-bca6-bce672088158'),
	(16, '95d05816-05b0-4727-9a40-56cb30a5267b'),
	(58, '966a9147-5501-47a5-9be5-e3b6388cdb6a'),
	(72, '96b9cf88-8f96-4db8-bf00-cc762724389e'),
	(30, '995cf257-add9-406e-b26b-32037c166b35'),
	(85, '99da0120-7c05-4d96-a79e-539dbde9dd21'),
	(2, '9a75f3f0-c242-47b9-aa6f-fe8b0df36f53'),
	(99, '9bceeb21-7487-4aa7-9b99-103294fd06ea'),
	(2, '9d2189b9-420a-407b-9c4d-332912fd0eb2'),
	(64, '9f2a9d6e-4377-4232-92d6-696ddb3b75a7'),
	(59, 'a0c46643-27ea-4842-b162-67a3fb45d360'),
	(49, 'a116c6b3-1ff8-4d2d-8424-fd93b7c3a6bf'),
	(33, 'a16dde83-b66d-41e4-a9ab-4f1f2e5d0b57'),
	(21, 'a1758f27-10f3-412c-b730-d4e279656829'),
	(70, 'a2790c6b-0388-48bf-bc07-3ba9d824b863'),
	(73, 'a398164e-5385-48e5-bbe1-a610b98c4438'),
	(52, 'a46ea9b7-787e-46ed-ada1-f881d4c6d81d'),
	(4, 'a480c0a3-927a-40f7-9460-a2f8d123d4dc'),
	(25, 'a51fcedc-8387-427e-a005-6fe33d48599a'),
	(69, 'a5588c40-10e9-40da-ac5f-0dc44f074380'),
	(56, 'a58e01af-bc94-4901-8f69-451307c71395'),
	(30, 'a662727d-d647-45ef-aa83-e4ff36bfdc7e'),
	(24, 'a8316d97-aa15-459a-82e4-587db060b511'),
	(84, 'a9c74133-0240-4bff-bd75-5f70f45e591c'),
	(57, 'aa06057d-5f88-43a8-81c1-0d6ad287d1f6'),
	(29, 'ac33f30a-07eb-4964-b482-430362b5bf4f'),
	(30, 'ae440d03-c3ad-4032-ae23-0d7c7a8cdcf0'),
	(69, 'af70958b-b35e-4c0c-9d4c-e9462d862b49'),
	(52, 'afd4cba5-400b-4c51-9f01-2abe1d4eb832'),
	(12, 'b0369d5b-97ea-4520-9392-c2833287576b'),
	(67, 'b0f779db-d57b-4f84-9cfa-cea2c744e91a'),
	(11, 'b354521a-79f4-483b-820f-df7966963dde'),
	(49, 'b39717a3-786c-48a9-a9df-9fe45a10bbdb'),
	(38, 'b3c61d02-2ca9-4302-b5e3-0e1e640da2b7'),
	(35, 'b42175ab-b5d6-4a8b-a9a9-72d82d6bddb8'),
	(55, 'b5a28f03-b00f-4967-b041-b24363b58c78'),
	(60, 'b6991829-e8e3-4593-a744-d4bb783e3808'),
	(46, 'b782913b-47e3-414e-b286-fe256a4ac0c0'),
	(32, 'b7895a0b-cc65-4548-b9ac-b114b0bfa119'),
	(41, 'b91d67bc-73f0-4f38-8463-130d0f029a8d'),
	(93, 'bb43ffbc-f672-4cf0-9d45-00009e0c685d'),
	(12, 'bca3115a-8974-4cb7-8ab1-a15d822970d3'),
	(38, 'bce0beaf-c187-4fa0-874a-766771861e29'),
	(9, 'bd1aadb7-0609-41b0-b655-022bf96599c7'),
	(95, 'c194c08a-e966-4de3-8b87-14829be30125'),
	(100, 'c1d5c014-ed3f-4ec3-9402-f0cfbbbadc03'),
	(6, 'c27c3f06-619d-47b4-b078-477132cce5fa'),
	(37, 'c2bdcd88-10b8-4579-bea4-442f8b2a780f'),
	(24, 'c54e9c1f-4bbf-4c79-85eb-29d8a4b963fb'),
	(76, 'c5a96a7b-dbcf-421a-a429-c6cf44b6fff4'),
	(3, 'c69d022a-d3b9-499e-8fe4-52407f7ca885'),
	(71, 'c706b547-733e-4f14-b59c-d92b9dd0b952'),
	(97, 'c8003f65-1114-4bca-ab5b-fb51be8db40e'),
	(40, 'c9de5327-dfb5-4ac8-94f2-de7da1bd09c4'),
	(5, 'ca55b5cf-c75d-4c28-ac80-bc030e751e24'),
	(43, 'cad9f781-f865-4f15-a327-6d0c9c02703d'),
	(69, 'cff5e127-b3f5-4cf9-a506-606312d1fde5'),
	(87, 'd11250b7-b4db-4d5e-b6e9-775d6f518ddb'),
	(23, 'd1f7739a-5c4f-40a7-93ed-8e0170f603f3'),
	(29, 'd2075d29-4198-4316-bff1-6c5dd8e59c91'),
	(44, 'd20adccb-8ce1-4866-9bdf-38d162ab4d77'),
	(10, 'd36bebcc-923a-4312-9336-4d15ec5d6dd7'),
	(28, 'd373b2dd-f078-43df-a14e-f3d9c55c1179'),
	(39, 'd4907e01-b057-4357-a7f1-99810909d757'),
	(8, 'd6bbe4ef-9d2f-4188-b7c8-ad7fde37c57e'),
	(75, 'd7e2f2a9-376d-4aaf-89b4-1d520a339cf9'),
	(78, 'db566967-c655-46a1-a699-4bbe73ad78fa'),
	(14, 'dbf0142f-0391-450f-bc9e-334c793638c2'),
	(18, 'ddca54e3-3248-4eab-b005-0a63e0d7c520'),
	(19, 'de9a0d19-ca4a-4b85-a5bb-bb8cbc03f88a'),
	(59, 'df058fb0-aa27-447c-a9f2-a55d6f244b63'),
	(27, 'e07dfaaf-b4fa-457e-b64e-d2bda31f0344'),
	(80, 'e29e4beb-9fbf-4b23-86f4-130c4ffa020e'),
	(8, 'e302b3c9-197b-43c9-b73d-ea3729a8abc9'),
	(71, 'e5912bab-9659-4713-ae81-752b8606939f'),
	(55, 'e79bb051-e830-48d6-a4d5-e975e5a17a4b'),
	(8, 'e8052a0e-84e5-436a-8828-4a7405592c29'),
	(42, 'e8c7bb30-22e8-4629-b704-878c7ae6aa6d'),
	(54, 'ea0caedc-46b3-45a8-baf6-232ab80dcf35'),
	(61, 'eb8a9837-0ae7-413f-b375-bc9aa0bd90ef'),
	(74, 'ecda209d-bc6f-490b-bb16-4683a131d898'),
	(3, 'edb0416c-80b7-4ede-9ec0-d299fd7ac4c0'),
	(77, 'ee5f73ac-f99a-4340-9abd-395796c601f5'),
	(50, 'efc895c5-7da6-4932-bba4-9d61d1682c72'),
	(39, 'f25049be-4706-42fc-85d4-c7df9db07954'),
	(7, 'f3dfeb05-8cae-4061-b7cb-f8921f73b952'),
	(22, 'f5c08f11-de0b-497b-ad9b-3110ec27fe12'),
	(87, 'f644393d-d8ab-40b8-874f-99882d4a85ad'),
	(35, 'f6cfdaa1-1a08-442d-b653-56ca18d10156'),
	(23, 'f8ea2f12-dc57-4dda-be83-143ee6483a41'),
	(87, 'f93c47e1-845f-477b-acbe-eabaeadd6a55'),
	(88, 'f9f7d666-ec40-4bd2-8bde-71b8ca7f0da5'),
	(51, 'fd1488fb-3ce4-483a-9824-dfeec25876c0'),
	(47, 'fd9992d8-a4ee-42cb-b485-1ca517bf52f1'),
	(41, 'fd9b5d60-d4f7-4f05-8a93-51eed81164f9'),
	(45, 'fe3ef923-836b-4b9e-891c-3a2aa9c0e776'),
	(94, 'fe5ca9bb-232d-4ba5-8fac-90bb465c6320');
/*!40000 ALTER TABLE `author_books` ENABLE KEYS */;

-- Tábla adatainak mentése wup.book: ~251 rows (hozzávetőleg)
/*!40000 ALTER TABLE `book` DISABLE KEYS */;
INSERT INTO `book` (`book_id`, `count`, `date_of_entry`, `release_date`, `title`, `author_id`, `publisher_id`) VALUES
	('0047635e-47b9-4f67-b767-80f2bb48c2aa', 19, '2001-05-18 00:00:00', '1984-10-10 00:00:00', 'Seemed gate smile.', 83, 47),
	('02fe6d67-ffef-4668-8761-5a54b6d6e226', 1, '1994-05-25 00:00:00', '1970-01-10 00:00:00', 'His looking interested continued.', 52, 29),
	('03589ff9-12fd-4443-9963-ea69040aac55', 17, '2002-01-13 00:00:00', '1970-02-04 00:00:00', 'Himself compact belonging.', 29, 13),
	('037992be-5a35-4841-991f-1ec15bbbe073', 18, '2000-09-06 00:00:00', '1970-02-20 00:00:00', 'Shy admiration my sigh as add.', 12, 9),
	('046bff73-0bb3-4a1f-b9cd-c7d379235954', 15, '2020-01-22 00:00:00', '1970-01-05 00:00:00', 'Now invitation compact you he.', 74, 33),
	('0524bd48-8c27-4c13-bc83-388f26d74040', 14, '1988-12-21 00:00:00', '1980-03-22 00:00:00', 'Provided supply so.', 64, 37),
	('06918745-9f49-48d2-bb84-f3986e2a3ade', 2, '2016-08-24 00:00:00', '2000-04-28 00:00:00', 'On terminated dinner travelling own.', 20, 2),
	('0708e0ac-8c12-4b69-bcb1-a100f2474c69', 15, '1972-09-09 00:00:00', '1970-01-10 00:00:00', 'Abilities fanny old no.', 65, 37),
	('0748219c-c08d-466c-bf02-dd9f22869de5', 6, '2017-08-16 00:00:00', '1972-05-21 00:00:00', 'Chatty seemed so.', 14, 4),
	('0791b969-6545-4f9b-80e2-00f3a5ae4a01', 7, '1998-10-10 00:00:00', '1995-05-05 00:00:00', 'Invitation excellence old contempt do.', 33, 17),
	('082387bc-080c-4d2d-ad09-0f650733a10b', 17, '1998-02-03 00:00:00', '1985-09-13 00:00:00', 'In get so say deal are cultivated.', 85, 43),
	('08eaa47e-493f-4620-ab45-33f88ba6241d', 9, '1991-01-25 00:00:00', '1970-03-08 00:00:00', 'Whose moreover pretend.', 9, 4),
	('096fe180-f8b9-4000-b5ae-f9f5673cd07d', 11, '1998-06-29 00:00:00', '1970-01-01 00:00:00', 'Present believed or my small style so.', 96, 48),
	('0998d0ad-b6e2-4b8e-981f-bda9fd921d22', 9, '1999-06-24 00:00:00', '1971-08-29 00:00:00', 'Arranging room so.', 92, 43),
	('09a3e8f2-192d-4c88-8e2e-3ad3859ef838', 1, '1977-05-09 00:00:00', '1970-02-16 00:00:00', 'Sensible you commanded perhaps oh.', 54, 25),
	('09cfa342-1e85-4f49-8164-f121b81e1425', 9, '2000-10-29 00:00:00', '1976-03-29 00:00:00', 'Entreaties set graceful dine to be.', 9, 2),
	('09e38cb8-7983-44e8-a700-a0e8cb4a9ae7', 16, '2020-09-19 00:00:00', '1970-01-07 00:00:00', 'So it over at strictly solicitude you.', 70, 32),
	('0ae158cc-ac49-4fa5-b194-e7961739a874', 17, '2003-11-24 00:00:00', '1988-05-01 00:00:00', 'As former reasonably if.', 44, 27),
	('0cf7abb7-a5c6-4dbb-8346-15dc8f9bb413', 3, '1997-04-17 00:00:00', '1970-02-21 00:00:00', 'Marianne is what are in order no.', 75, 37),
	('0dba74c3-6ae7-4649-990e-84b16a5611aa', 22, '1996-07-20 00:00:00', '1976-06-21 00:00:00', 'Unsatiable of day am her how paid.', 89, 42),
	('0e7d8645-b79e-4316-8ea0-8b4dd5626524', 21, '1977-09-26 00:00:00', '1973-05-19 00:00:00', 'Man up busy hopes felt solicitude.', 47, 28),
	('0e8ca801-1b19-4751-9e70-f63d4b6b72fa', 24, '1975-03-07 00:00:00', '1970-01-09 00:00:00', 'Entreaties company law style do own.', 2, 5),
	('0f711236-f233-4370-9c07-8febe601e312', 25, '2009-04-07 00:00:00', '1993-09-16 00:00:00', 'Seems stronger it change.', 63, 37),
	('0f978f4b-a968-4792-bdc6-2745d3916409', 13, '2010-05-02 00:00:00', '1979-04-30 00:00:00', 'Wife garret as his it neglected me as.', 54, 24),
	('0fdf8990-2cc3-42db-8e98-c1eced2e505a', 26, '1982-01-17 00:00:00', '1970-03-15 00:00:00', 'An ask our sensible.', 83, 43),
	('106a6d91-323e-42d1-bb0c-416c3feed0be', 16, '2011-09-14 00:00:00', '2006-04-18 00:00:00', 'Concern way sometimes of we court.', 91, 50),
	('1127291d-18d0-4292-b03b-ef530febf872', 3, '2016-12-02 00:00:00', '2010-07-20 00:00:00', 'Appetite ability folly families call.', 50, 21),
	('118ec9ab-a541-4de6-ab70-8dddfeea1578', 13, '1998-01-06 00:00:00', '1980-10-25 00:00:00', 'Twenty of west addition.', 60, 27),
	('128fa908-844b-4bf3-ad50-8192ec9ec6a6', 6, '1992-05-01 00:00:00', '1989-07-09 00:00:00', 'Introduced to felt appearance sex so.', 94, 48),
	('12c79f6d-df6a-460a-a571-dcbd7b4422d9', 23, '1970-01-07 00:00:00', '1970-01-07 00:00:00', 'Projection are they no with judgment.', 89, 44),
	('12f85e55-7b4c-4ce9-ac66-8a94b852301d', 11, '2008-10-01 00:00:00', '1991-11-17 00:00:00', 'Be company now.', 25, 13),
	('1641fb2c-c791-4f18-82fd-96770010ebd4', 22, '1972-09-23 00:00:00', '1970-11-07 00:00:00', 'Boisterous be bachelor informed.', 20, 9),
	('16eca704-ceed-4a78-b331-6b4aa106e31f', 17, '1972-09-25 00:00:00', '1972-05-23 00:00:00', 'Natural in at far believed astonished.', 14, 5),
	('16fc405c-8cc2-418c-97ba-440d55e72162', 28, '2001-06-20 00:00:00', '1999-02-08 00:00:00', 'Although simplicity wife excited.', 84, 47),
	('1716e001-42f9-468d-a8ab-eef7fcfeec6b', 12, '1999-09-22 00:00:00', '1970-02-02 00:00:00', 'Nay branched admiration kept when.', 21, 11),
	('175e0933-482b-4d0d-ac08-abf2eec1840f', 16, '2012-01-24 00:00:00', '1970-02-25 00:00:00', 'Are be few if express vicinity gay.', 87, 41),
	('17720c46-d29e-4631-a257-26b911949454', 1, '2008-05-11 00:00:00', '2004-07-02 00:00:00', 'No marianne up she innate sitting ye.', 15, 10),
	('178f0c51-805c-4464-949f-aba144d54fd0', 20, '2003-05-01 00:00:00', '1976-02-03 00:00:00', 'Admitted unsatiable appetite saw him.', 29, 12),
	('17c53b1b-afb7-4ca1-8d56-9e177e7481c7', 28, '2002-01-21 00:00:00', '1970-01-20 00:00:00', 'Edward projection formed law.', 10, 1),
	('1854f90b-4241-43db-b902-c471fcb30fe0', 6, '1971-09-21 00:00:00', '1970-06-06 00:00:00', 'Settled cultivated so out hastily.', 18, 7),
	('1d380323-c13e-419d-a5e6-4c1627828e2d', 27, '1989-08-03 00:00:00', '1970-03-01 00:00:00', 'But wish produce do prepare.', 67, 38),
	('1e77cfa9-e39d-4d93-90da-e7e1e30981b8', 23, '1996-12-21 00:00:00', '1983-12-19 00:00:00', 'Am old thoughts by warmth half no are.', 55, 27),
	('1f48c0ce-5a17-4cb2-9307-db54b8f7a33a', 9, '2016-01-31 00:00:00', '1987-04-08 00:00:00', 'How of at shy so expenses distance.', 84, 47),
	('1f5af79b-7d03-4063-803a-e6123433c0fa', 9, '1974-12-08 00:00:00', '1972-07-21 00:00:00', 'Like private invitation men at.', 84, 43),
	('206f7166-b1fe-47f4-a4ac-55d23acf40f0', 6, '1972-05-20 00:00:00', '1970-01-24 00:00:00', 'Are prevent but.', 83, 42),
	('21894a74-37ac-4694-8dfd-1ac3edca5fe8', 18, '2012-10-10 00:00:00', '1970-04-06 00:00:00', 'To concern up use set out.', 86, 48),
	('249b094e-2c56-4655-b441-68d8daac85f9', 19, '1996-10-06 00:00:00', '1970-01-09 00:00:00', 'Half you reasonable way farther call.', 35, 20),
	('26dde4db-9700-4168-98c6-c0ae8b676cc8', 23, '1970-02-25 00:00:00', '1970-01-07 00:00:00', 'Hastily any be was it my shew are.', 35, 17),
	('29601350-046d-4889-bcc9-62c88904c7bb', 11, '2014-09-07 00:00:00', '1993-09-12 00:00:00', 'Income belonging kept ability chatty.', 64, 38),
	('2a322ea2-0237-4f4e-8962-0903fa1f908a', 17, '1994-01-24 00:00:00', '1971-08-09 00:00:00', 'Expression looking nay of one among.', 12, 1),
	('2c7acb7f-9345-48a5-89a3-5c8cb782e26d', 8, '1993-06-23 00:00:00', '1970-02-03 00:00:00', 'Shew so him.', 88, 43),
	('2cc803fc-25a8-4402-b65b-2dab80e36db9', 4, '2004-03-05 00:00:00', '1970-08-21 00:00:00', 'Get unpleasing room you sigh shy was.', 43, 22),
	('2d87249d-0a01-4336-ad16-a8309710e8a3', 11, '2018-05-11 00:00:00', '2004-02-15 00:00:00', 'Our why nay views it wholly we our.', 41, 21),
	('2da22ae6-33b0-4e12-b5f5-d438f66749ee', 27, '2012-09-20 00:00:00', '1974-02-04 00:00:00', 'And up call exertion of sex to true.', 1, 1),
	('2e19027c-206c-40f6-a535-caa523a656e1', 25, '1981-09-12 00:00:00', '1976-11-07 00:00:00', 'Garret felt paid to earnest talent oh.', 74, 34),
	('2f8d3af1-5bd6-4303-ba5e-3e3f523e3ae4', 19, '2018-04-30 00:00:00', '1976-09-05 00:00:00', 'Strictly sigh half turned on building.', 94, 44),
	('2faab5a7-eaee-4f12-aa27-a74bc11bcb07', 14, '2007-03-31 00:00:00', '1975-05-29 00:00:00', 'Hundred settled some up nay.', 98, 47),
	('3127213f-2808-4cdb-a5f7-e971c90417f6', 23, '2007-09-01 00:00:00', '1979-11-18 00:00:00', 'Entered ladies of at whole assured.', 48, 29),
	('3442e7e6-0fb0-4255-9531-230259d0d85b', 15, '1996-05-24 00:00:00', '1987-06-12 00:00:00', 'Sir court themselves do farther had.', 63, 33),
	('349a77c2-71d0-4256-b40a-e9cf53f995f1', 1, '2015-05-31 00:00:00', '2001-04-07 00:00:00', 'On dejection so among.', 62, 35),
	('34b2d2b5-4d90-474e-80ac-6a61e11fefac', 22, '1976-07-20 00:00:00', '1970-12-28 00:00:00', 'Passage views no and hence talent.', 1, 4),
	('355950c4-0c6d-4604-b5eb-202f8a6aa1f4', 26, '1980-11-25 00:00:00', '1970-02-02 00:00:00', 'Enough court at ecstatic tell but so.', 16, 8),
	('36eedd71-c669-4faf-b724-6d11a132c72f', 6, '1998-09-08 00:00:00', '1991-01-26 00:00:00', 'You discretion these continued.', 54, 23),
	('37ebbf64-3f58-474e-8de9-eea224a706c1', 14, '1997-07-03 00:00:00', '1975-07-15 00:00:00', 'Are appearance edward prevent call.', 81, 44),
	('3907a693-41dd-4388-9519-ed93ba1976ac', 17, '1976-09-01 00:00:00', '1976-06-21 00:00:00', 'Friends at elsewhere income graceful.', 72, 33),
	('392370f5-c324-4f4e-82ea-0767a07e8293', 23, '1989-09-14 00:00:00', '1970-12-25 00:00:00', 'Neglected can you excellence his.', 43, 28),
	('39ec9497-8fd1-4288-b305-91e45ee2129e', 8, '1990-07-15 00:00:00', '1982-03-14 00:00:00', 'Vulgar so sweetness.', 94, 44),
	('3ab05fca-df37-4751-91c2-0239410c3fba', 4, '1972-08-19 00:00:00', '1970-01-05 00:00:00', 'Basket hence invitation.', 92, 49),
	('3b424b76-cf4c-40f5-a3d6-11f5c8c760f9', 14, '1993-12-12 00:00:00', '1970-01-09 00:00:00', 'Son wholly real absolute few.', 100, 47),
	('3cf7665a-e0a6-4237-b374-37284c4b1a74', 12, '1974-01-15 00:00:00', '1971-07-28 00:00:00', 'As some am shy belonging.', 89, 43),
	('3db6666b-28b2-4e8e-96a8-3092432c3477', 28, '2017-08-19 00:00:00', '2012-02-10 00:00:00', 'She continual nothing.', 60, 21),
	('3e3437c9-7819-4903-8231-dd1d7f4a9147', 20, '2009-08-23 00:00:00', '1982-06-04 00:00:00', 'Right assured shy right people.', 14, 3),
	('40fc003f-ae74-49e3-91c4-c54435e6e269', 15, '1999-06-12 00:00:00', '1977-04-08 00:00:00', 'Mr unsatiable do continued unpleasing.', 95, 50),
	('41551517-1d70-4891-afae-6264140e7a81', 1, '2015-02-16 00:00:00', '1988-09-26 00:00:00', 'They he oh to if three seemed months.', 21, 14),
	('437ccbbb-d953-4276-aaef-3b6fa807c793', 2, '2008-02-26 00:00:00', '1972-05-30 00:00:00', 'Diverted get am furnished unknown man.', 4, 7),
	('43af32d8-2f21-4b69-8f86-7c89361dc923', 14, '1974-05-23 00:00:00', '1970-01-08 00:00:00', 'Age on arranging men.', 68, 33),
	('44765f98-9bbd-4833-832c-e18eb216fdc7', 4, '1995-07-14 00:00:00', '1991-01-03 00:00:00', 'She ye earnest in lady way are.', 36, 18),
	('44ae6b18-a12d-441b-93ab-ce7bb7e50cf0', 7, '1970-04-04 00:00:00', '1970-03-03 00:00:00', 'He whose present people.', 74, 38),
	('455a4466-3053-4024-85b7-a5be7f542945', 2, '1995-11-10 00:00:00', '1982-02-10 00:00:00', 'Natural prepare you change in months.', 4, 7),
	('4565fa14-6770-4f7e-9cd0-10f77a385642', 25, '2008-09-27 00:00:00', '1975-03-05 00:00:00', 'Wrote had absolute any sympathize.', 63, 32),
	('479667fb-3497-4e7a-8a27-176a40922388', 26, '2006-07-26 00:00:00', '1990-10-19 00:00:00', 'Old believed believe so rose.', 72, 31),
	('4852d753-1692-472c-beea-b8ef820b0e52', 11, '1985-10-29 00:00:00', '1974-02-03 00:00:00', 'Belonging sometimes man asked certain.', 58, 27),
	('4887eb3b-fd1a-4b78-b749-b3d334e3f831', 4, '1981-07-20 00:00:00', '1970-12-20 00:00:00', 'So to do means use melancholy this.', 93, 47),
	('4969e670-332f-4f5d-a9cc-464a71a1313c', 1, '1996-02-17 00:00:00', '1970-02-02 00:00:00', 'So order you figure elsewhere.', 79, 33),
	('4a2c6c73-89a1-480e-a9eb-bce375bdd8fb', 29, '2020-04-16 00:00:00', '1973-09-02 00:00:00', 'Our passage how.', 23, 18),
	('4ac53de9-f630-4f85-94cf-375d4a3e8db2', 5, '1978-10-02 00:00:00', '1975-11-20 00:00:00', 'Get of it of but sing bringing to.', 28, 19),
	('4b2d037c-d364-470d-9438-880230a02809', 2, '2018-01-25 00:00:00', '1970-04-02 00:00:00', 'Perpetual besides now neither passed.', 40, 20),
	('4b5cbfc6-4b5d-42c4-87ad-43a1a1df37b9', 30, '2011-06-14 00:00:00', '2002-09-25 00:00:00', 'At between supply at deal sigh wound.', 76, 38),
	('4b63ed68-967d-4733-bfba-5cabc286af74', 5, '1970-02-21 00:00:00', '1970-01-08 00:00:00', 'How genius he.', 83, 48),
	('4cc45dcb-d554-4707-88b0-c79a99f7a034', 29, '2010-03-10 00:00:00', '1971-01-04 00:00:00', 'Am my is up call cultivated oh limits.', 49, 24),
	('4d416f90-9adb-48c4-bb36-b778f39a8005', 7, '1983-04-18 00:00:00', '1970-01-03 00:00:00', 'Unknown some within sufficient.', 90, 42),
	('4d5d7471-a077-4a2a-937b-3a270b9f1db0', 8, '2000-04-14 00:00:00', '1977-02-16 00:00:00', 'At shy talent our.', 12, 3),
	('507c5348-fe4a-48cb-ad52-ca5afefc2c83', 21, '1999-12-21 00:00:00', '1985-10-24 00:00:00', 'In oh commanded of cordial he when.', 32, 13),
	('51b789ee-55e0-4e20-a6db-45e2cda9e088', 11, '1995-09-22 00:00:00', '1970-03-24 00:00:00', 'Most sometimes in bred procuring he.', 49, 22),
	('539d6ff2-9767-40ce-8bdb-19e490288873', 6, '2000-05-20 00:00:00', '1970-01-09 00:00:00', 'Certainly is so prepare in cold.', 74, 35),
	('54a93bd6-8cba-4771-94a5-a7f7ffd2ceb0', 3, '2015-05-18 00:00:00', '1972-11-08 00:00:00', 'Sir supply ability showing upon was.', 23, 17),
	('55544f43-62f7-4afc-9b0e-fe6523108adc', 25, '2015-05-09 00:00:00', '2002-05-08 00:00:00', 'Tell two if one oh do wrote passed.', 78, 37),
	('589d19f5-baa6-4752-8b99-740faf5e42c1', 28, '1972-08-08 00:00:00', '1970-01-06 00:00:00', 'Mirth although hence if oh use own.', 3, 3),
	('58e5676e-c532-4708-9007-e0ec963b15fb', 5, '1981-09-22 00:00:00', '1970-03-31 00:00:00', 'Believe so you.', 80, 37),
	('59d3864c-6008-482a-ac3f-55581e15713b', 30, '1982-10-01 00:00:00', '1970-01-07 00:00:00', 'Hence dispatched he themselves.', 60, 30),
	('5aad856c-d912-4e18-8ad0-9414ec0edbb9', 17, '1985-01-24 00:00:00', '1970-01-04 00:00:00', 'Announcing missed an.', 52, 21),
	('5e8b5029-8748-43f3-8c5a-30e383e01e01', 4, '1999-02-01 00:00:00', '1992-01-28 00:00:00', 'Way it arranging wrote you.', 32, 19),
	('5eb9a764-0644-4bdd-ab8c-743ad4621aac', 15, '1982-07-28 00:00:00', '1970-03-12 00:00:00', 'Regular lovers in vicinity is oh.', 86, 46),
	('5fc7a4cd-ff63-4ca1-beb1-3f36d225ccdf', 21, '1982-08-13 00:00:00', '1981-10-29 00:00:00', 'Limits of gate months call engrossed.', 47, 21),
	('60015fad-6765-4565-b1b9-d1e099d2f50a', 5, '1993-04-26 00:00:00', '1970-01-02 00:00:00', 'Abode simple talent.', 63, 32),
	('61e3a621-0108-46d1-b0bd-f3010c29eb1e', 22, '2008-05-28 00:00:00', '1970-03-14 00:00:00', 'Of songs prevent sir carriage mr am.', 4, 3),
	('620a88dc-e404-4bad-80d1-26ceaab18bd1', 29, '2007-06-26 00:00:00', '1998-04-29 00:00:00', 'Twenty neither yourself am near.', 66, 38),
	('62ebe732-e9ce-4f56-9e53-eaf670e0f683', 7, '1978-11-29 00:00:00', '1970-01-03 00:00:00', 'Oh style certainly discretion.', 75, 40),
	('63a8e71a-e79b-4a48-bd0b-e9f03bc792fb', 5, '1979-12-15 00:00:00', '1970-01-06 00:00:00', 'Twenty hastily an sake acceptance in.', 24, 18),
	('64734bb1-bdc2-4033-aefa-553794c14bbb', 15, '1985-04-10 00:00:00', '1977-09-05 00:00:00', 'Tell why is basket hopes knowledge.', 7, 8),
	('6494a0aa-4aad-4834-872e-48e6f8e3d2f2', 21, '2003-04-19 00:00:00', '1990-07-08 00:00:00', 'Strictly do forming near saw oh no.', 48, 23),
	('6499d57f-a90b-4fc9-baf4-dd8a640986a0', 17, '2010-05-18 00:00:00', '1997-05-04 00:00:00', 'His way branched of you bachelor.', 46, 28),
	('67fdbd56-70f3-4110-964d-2496160eb0d1', 13, '1984-10-31 00:00:00', '1970-02-04 00:00:00', 'Certainly together connection pursuit.', 20, 7),
	('69d5c234-f26b-49da-82cf-d447428cfb26', 28, '2016-03-01 00:00:00', '1975-08-07 00:00:00', 'Get our as own.', 54, 24),
	('69ec28b8-a00a-415c-9ec7-ee22afb0e3b4', 5, '1994-12-18 00:00:00', '1985-02-11 00:00:00', 'Enough but smallest prevent way asked.', 15, 7),
	('6a0777f7-99ea-4e60-80eb-724807dda8bb', 15, '1973-07-01 00:00:00', '1970-02-07 00:00:00', 'Commanded entered away you ye folly.', 74, 34),
	('6b68e747-0300-4004-a81f-2c53f642180c', 19, '1992-07-17 00:00:00', '1977-08-22 00:00:00', 'Nay so felt few old on.', 42, 25),
	('6be8a711-64d5-4589-88fc-87eb46916546', 15, '1994-09-07 00:00:00', '1970-08-24 00:00:00', 'So admiration day are man friends.', 80, 32),
	('6beb6a70-55a7-4192-beef-55803dacd099', 19, '2015-06-23 00:00:00', '2014-02-24 00:00:00', 'Forming had or terminated you.', 87, 48),
	('6d8f4377-366e-4f63-8058-63d124bafc66', 26, '2008-06-18 00:00:00', '1981-08-27 00:00:00', 'Expression so see room he farther.', 83, 42),
	('715ad0a5-f26f-45aa-9f54-b870d54dfa0b', 1, '2002-07-30 00:00:00', '1970-01-08 00:00:00', 'Pursuit ask possible provided few.', 29, 14),
	('74bf96cd-fb98-4181-80ec-fef83ce9e096', 21, '1970-03-06 00:00:00', '1970-01-04 00:00:00', 'Of distance hastily suspected.', 41, 21),
	('756d2f3e-5b68-42c5-9b66-0eefbd82bec0', 28, '2009-11-29 00:00:00', '1970-02-27 00:00:00', 'How among sweetness required but wish.', 72, 39),
	('76101ee6-06ac-455a-8d3e-8a5a60a8b103', 22, '1993-02-10 00:00:00', '1970-09-13 00:00:00', 'One am passed declared you perhaps.', 61, 31),
	('769b776c-ff47-46a8-b357-68ecbb4df4b1', 27, '1989-12-14 00:00:00', '1973-05-03 00:00:00', 'Inquietude her my as can graceful now.', 94, 43),
	('77109fa7-a232-4b63-a735-7a0f4399ab4e', 25, '2020-06-15 00:00:00', '2002-01-06 00:00:00', 'Arrived belonging boisterous.', 34, 18),
	('78bd53be-18a1-465b-b779-a430abfe8791', 12, '2007-09-12 00:00:00', '1973-06-11 00:00:00', 'He looking day in views.', 100, 49),
	('7902d98a-197e-4104-afaf-96699fdebaee', 5, '2008-06-29 00:00:00', '1971-08-17 00:00:00', 'Most literature it are finished.', 42, 25),
	('7b1d8894-3ef5-4ae2-89c6-1ebd6b9dcdfa', 24, '1995-07-26 00:00:00', '1972-03-24 00:00:00', 'Is months hastily limits get gone.', 80, 31),
	('7ce785cb-1d5a-4cd3-8b70-7a407f81eeb4', 1, '1976-09-26 00:00:00', '1970-01-04 00:00:00', 'An ye admiration sensible.', 85, 47),
	('7cf58d69-fe3e-4d23-829c-1639d028741c', 24, '1997-05-22 00:00:00', '1972-03-14 00:00:00', 'Day nay projection.', 34, 13),
	('7e7f9488-cc21-45a8-9ce0-5ed5d023403a', 15, '2006-07-25 00:00:00', '1970-01-03 00:00:00', 'Danger this carried in seems twenty.', 14, 4),
	('7ee135f5-897f-4691-a90a-5f0907fc9afa', 19, '1980-11-22 00:00:00', '1971-06-22 00:00:00', 'It wishes this mr me it unknown.', 94, 44),
	('7ef72c7f-62f0-4e0f-a399-17d434457b90', 8, '2010-08-19 00:00:00', '1970-01-05 00:00:00', 'Knowledge smile carried so on.', 94, 45),
	('811deaf2-36dc-44d8-9647-e0a14d986ed0', 6, '2009-11-05 00:00:00', '1970-01-04 00:00:00', 'Dejection her you use sweetness she.', 80, 40),
	('81549a1d-fd5f-4df7-aa1d-bec942c44452', 18, '2006-08-03 00:00:00', '2002-05-10 00:00:00', 'You oh edward so distance.', 83, 42),
	('81856010-2c98-4f5d-bab8-8086934a271a', 4, '2012-12-26 00:00:00', '1971-08-30 00:00:00', 'Sigh this projection out garret wish.', 56, 28),
	('82fd0468-27f1-4f94-b083-02c4ecc2c206', 8, '2003-08-19 00:00:00', '1986-05-15 00:00:00', 'Lain solicitude wished this besides.', 63, 38),
	('83de41e6-4a99-45e1-a7fb-1027d52caea2', 16, '1983-06-10 00:00:00', '1970-01-30 00:00:00', 'Use it this suspected you sex.', 66, 37),
	('84746b6e-a51d-4824-a682-c604ae9f6edb', 16, '2008-04-06 00:00:00', '1976-04-12 00:00:00', 'Busy elsewhere you at wishes of am.', 14, 8),
	('851967b2-3559-4ca8-861e-a230e6ff30d2', 11, '1987-09-08 00:00:00', '1971-02-25 00:00:00', 'Offices boisterous am and as simple.', 40, 11),
	('8554b7ce-4e65-4585-ba64-030aa2db630e', 15, '1999-07-12 00:00:00', '1970-03-17 00:00:00', 'Graceful discretion tell.', 38, 17),
	('86d1d66b-9680-40c3-a7f9-222e49e64077', 26, '1988-05-23 00:00:00', '1976-05-02 00:00:00', 'Future for in.', 86, 47),
	('872b03a5-7667-4964-9d72-4c2e8d746623', 14, '2016-11-30 00:00:00', '1995-08-31 00:00:00', 'Of felicity stanhill.', 13, 7),
	('893be9fb-4728-4a93-bc4b-68df34054f62', 9, '2008-03-30 00:00:00', '1996-01-15 00:00:00', 'Garrets sweetness use literature.', 28, 13),
	('8950a6f9-992f-4b87-907c-95ddfb7a5de1', 23, '2015-06-01 00:00:00', '1986-03-07 00:00:00', 'Hopes felt far vicinity distance was.', 30, 11),
	('8bfe992b-d1c4-49b5-8c9a-60949304850f', 9, '1970-07-05 00:00:00', '1970-01-07 00:00:00', 'Sufficient hardly sufficient.', 71, 40),
	('8eeae3c0-424f-4ef6-b8f3-22b4937f53d5', 18, '1983-10-21 00:00:00', '1983-05-05 00:00:00', 'Furnished thoughts do in use wife.', 6, 7),
	('8f452785-53d0-4972-939c-bac64a4da4d2', 10, '2004-10-08 00:00:00', '1994-09-11 00:00:00', 'Wish period sportsmen by oh near.', 14, 4),
	('8fe05c05-d80c-4ff3-a23f-678c73ae472b', 4, '2020-09-07 00:00:00', '1970-03-27 00:00:00', 'Branched mutual but possession.', 95, 47),
	('9097b5e7-40ca-4151-b256-0b6cd0b8d896', 2, '2008-02-08 00:00:00', '1970-04-10 00:00:00', 'Change stanhill oh minuter particular.', 30, 12),
	('9164bf25-daa5-4ba6-bcab-cf58effdcffc', 4, '2012-08-27 00:00:00', '1970-01-02 00:00:00', 'Far sensible shy vicinity she and.', 24, 13),
	('952541ad-c239-4f4b-b1b5-1d79cdee2585', 7, '2014-04-21 00:00:00', '1979-04-20 00:00:00', 'Stanhill of court entreaties distance.', 8, 9),
	('9556f5f3-1f18-4de7-bca6-bce672088158', 5, '2001-02-21 00:00:00', '1982-04-09 00:00:00', 'Of addition three they own most.', 25, 17),
	('95d05816-05b0-4727-9a40-56cb30a5267b', 29, '1970-04-06 00:00:00', '1970-01-11 00:00:00', 'Mistaken vanity furnished admitted.', 9, 3),
	('966a9147-5501-47a5-9be5-e3b6388cdb6a', 25, '1996-09-25 00:00:00', '1989-12-22 00:00:00', 'He say court by.', 51, 30),
	('96b9cf88-8f96-4db8-bf00-cc762724389e', 6, '2015-02-09 00:00:00', '1971-05-07 00:00:00', 'See unknown within so upon way day.', 66, 36),
	('995cf257-add9-406e-b26b-32037c166b35', 17, '1971-06-08 00:00:00', '1970-03-18 00:00:00', 'No one stanhill diverted no.', 26, 17),
	('99da0120-7c05-4d96-a79e-539dbde9dd21', 19, '1990-04-03 00:00:00', '1983-04-24 00:00:00', 'To village how by admiration sex.', 100, 41),
	('9a75f3f0-c242-47b9-aa6f-fe8b0df36f53', 13, '2004-08-20 00:00:00', '1991-09-20 00:00:00', 'Hundred bringing and company but wish.', 10, 2),
	('9bceeb21-7487-4aa7-9b99-103294fd06ea', 10, '1972-02-15 00:00:00', '1971-09-29 00:00:00', 'In he the do he belonging by these.', 99, 43),
	('9d2189b9-420a-407b-9c4d-332912fd0eb2', 17, '2019-07-22 00:00:00', '1972-01-25 00:00:00', 'Expenses friends addition collected.', 3, 8),
	('9f2a9d6e-4377-4232-92d6-696ddb3b75a7', 14, '2002-04-23 00:00:00', '1993-01-08 00:00:00', 'No present she upon room.', 62, 35),
	('a0c46643-27ea-4842-b162-67a3fb45d360', 26, '2016-01-29 00:00:00', '2012-01-04 00:00:00', 'Assured our together in warmth.', 43, 23),
	('a116c6b3-1ff8-4d2d-8424-fd93b7c3a6bf', 16, '1970-03-06 00:00:00', '1970-01-10 00:00:00', 'Hence simplicity turned families.', 44, 27),
	('a16dde83-b66d-41e4-a9ab-4f1f2e5d0b57', 3, '2016-09-29 00:00:00', '1970-01-05 00:00:00', 'Dispatched in hopes you and my.', 27, 18),
	('a1758f27-10f3-412c-b730-d4e279656829', 4, '1995-04-01 00:00:00', '1970-01-03 00:00:00', 'Up attacks why our.', 34, 14),
	('a2790c6b-0388-48bf-bc07-3ba9d824b863', 26, '2016-10-02 00:00:00', '2007-04-16 00:00:00', 'No me felt perhaps to wife.', 67, 31),
	('a398164e-5385-48e5-bbe1-a610b98c4438', 19, '2013-05-30 00:00:00', '2012-09-27 00:00:00', 'Projection way whose turned change.', 68, 39),
	('a46ea9b7-787e-46ed-ada1-f881d4c6d81d', 23, '2013-09-03 00:00:00', '1978-10-25 00:00:00', 'Now or although on age day by kept.', 43, 27),
	('a480c0a3-927a-40f7-9460-a2f8d123d4dc', 10, '1970-12-23 00:00:00', '1970-01-07 00:00:00', 'He present two sake procuring supply.', 2, 5),
	('a51fcedc-8387-427e-a005-6fe33d48599a', 9, '1986-12-20 00:00:00', '1970-03-28 00:00:00', 'It most reasonably yourself by edward.', 34, 14),
	('a5588c40-10e9-40da-ac5f-0dc44f074380', 9, '2007-06-09 00:00:00', '1970-01-12 00:00:00', 'Real perpetual do abilities mr.', 64, 37),
	('a58e01af-bc94-4901-8f69-451307c71395', 6, '2013-05-17 00:00:00', '1990-11-18 00:00:00', 'In simple she present so to be danger.', 49, 23),
	('a662727d-d647-45ef-aa83-e4ff36bfdc7e', 5, '2019-06-05 00:00:00', '1978-03-01 00:00:00', 'Literature so whole the invitation be.', 24, 17),
	('a8316d97-aa15-459a-82e4-587db060b511', 20, '1971-10-20 00:00:00', '1970-12-02 00:00:00', 'Gate acceptance had although period.', 34, 15),
	('a9c74133-0240-4bff-bd75-5f70f45e591c', 16, '1996-08-16 00:00:00', '1977-04-22 00:00:00', 'Elsewhere busy but whole of upon.', 82, 45),
	('aa06057d-5f88-43a8-81c1-0d6ad287d1f6', 3, '1991-01-12 00:00:00', '1983-09-02 00:00:00', 'Why wishes residence five hence over.', 41, 24),
	('ac33f30a-07eb-4964-b482-430362b5bf4f', 1, '2007-11-24 00:00:00', '1970-01-05 00:00:00', 'You so boisterous with genius at.', 24, 17),
	('ae440d03-c3ad-4032-ae23-0d7c7a8cdcf0', 26, '2017-09-14 00:00:00', '1970-02-18 00:00:00', 'So sir ourselves him elsewhere five.', 27, 11),
	('af70958b-b35e-4c0c-9d4c-e9462d862b49', 6, '2004-11-16 00:00:00', '1970-02-12 00:00:00', 'Dine be dinner latter twenty how.', 63, 32),
	('afd4cba5-400b-4c51-9f01-2abe1d4eb832', 24, '2002-06-16 00:00:00', '1977-11-04 00:00:00', 'Are kept if required delight up.', 46, 26),
	('b0369d5b-97ea-4520-9392-c2833287576b', 16, '1970-01-09 00:00:00', '1970-01-02 00:00:00', 'Add discovered inhabit real five mrs.', 3, 7),
	('b0f779db-d57b-4f84-9cfa-cea2c744e91a', 9, '2020-07-16 00:00:00', '1995-12-27 00:00:00', 'She her reasonably so provided.', 70, 31),
	('b354521a-79f4-483b-820f-df7966963dde', 23, '2012-10-23 00:00:00', '1982-07-06 00:00:00', 'Simplicity certainly an forming our.', 5, 3),
	('b39717a3-786c-48a9-a9df-9fe45a10bbdb', 26, '2003-04-22 00:00:00', '1995-01-10 00:00:00', 'Get sir he five continual me.', 43, 22),
	('b3c61d02-2ca9-4302-b5e3-0e1e640da2b7', 13, '2020-04-01 00:00:00', '2019-01-26 00:00:00', 'Looking son welcomed by thoughts shy.', 34, 14),
	('b42175ab-b5d6-4a8b-a9a9-72d82d6bddb8', 5, '2010-06-09 00:00:00', '1986-04-10 00:00:00', 'Seemed it produce one.', 40, 19),
	('b5a28f03-b00f-4967-b041-b24363b58c78', 17, '2000-08-23 00:00:00', '1972-06-20 00:00:00', 'Get provided at an he see nothing on.', 60, 22),
	('b6991829-e8e3-4593-a744-d4bb783e3808', 13, '1993-10-04 00:00:00', '1972-06-02 00:00:00', 'She although furnished.', 44, 23),
	('b782913b-47e3-414e-b286-fe256a4ac0c0', 25, '1982-03-19 00:00:00', '1979-06-12 00:00:00', 'It boisterous rose chicken kindness.', 45, 27),
	('b7895a0b-cc65-4548-b9ac-b114b0bfa119', 4, '1993-10-06 00:00:00', '1970-06-26 00:00:00', 'Private mrs mr on songs possible.', 26, 16),
	('b91d67bc-73f0-4f38-8463-130d0f029a8d', 28, '1994-03-19 00:00:00', '1970-01-05 00:00:00', 'Of at whose at am.', 53, 27),
	('bb43ffbc-f672-4cf0-9d45-00009e0c685d', 17, '1978-03-17 00:00:00', '1976-09-28 00:00:00', 'An showing mr get no.', 88, 49),
	('bca3115a-8974-4cb7-8ab1-a15d822970d3', 9, '1984-07-02 00:00:00', '1973-08-31 00:00:00', 'Change at excellence ye gay carried.', 6, 6),
	('bce0beaf-c187-4fa0-874a-766771861e29', 11, '2000-01-10 00:00:00', '1981-04-09 00:00:00', 'Call old friends excited oh saw and.', 31, 20),
	('bd1aadb7-0609-41b0-b655-022bf96599c7', 27, '1975-04-10 00:00:00', '1973-02-26 00:00:00', 'Simplicity simple minuter old ten so.', 3, 2),
	('c194c08a-e966-4de3-8b87-14829be30125', 22, '1970-01-23 00:00:00', '1970-01-06 00:00:00', 'Simple oh now on so.', 100, 42),
	('c1d5c014-ed3f-4ec3-9402-f0cfbbbadc03', 29, '2010-07-04 00:00:00', '1970-02-21 00:00:00', 'Pretend you stronger entreaties.', 81, 41),
	('c27c3f06-619d-47b4-b078-477132cce5fa', 6, '2004-02-23 00:00:00', '1997-02-28 00:00:00', 'Equal paid be by.', 5, 7),
	('c2bdcd88-10b8-4579-bea4-442f8b2a780f', 11, '2008-06-22 00:00:00', '1971-03-19 00:00:00', 'You chicken how so am say concern.', 22, 15),
	('c54e9c1f-4bbf-4c79-85eb-29d8a4b963fb', 25, '1988-10-24 00:00:00', '1970-01-08 00:00:00', 'Shew you her as nay regret enough nay.', 22, 15),
	('c5a96a7b-dbcf-421a-a429-c6cf44b6fff4', 2, '1978-08-26 00:00:00', '1978-06-13 00:00:00', 'Nay if to income right admiration.', 69, 33),
	('c69d022a-d3b9-499e-8fe4-52407f7ca885', 27, '1971-06-23 00:00:00', '1970-01-03 00:00:00', 'Own chatty high excited gay why.', 3, 2),
	('c706b547-733e-4f14-b59c-d92b9dd0b952', 2, '2001-02-12 00:00:00', '1975-08-25 00:00:00', 'Felicity wish his believe son.', 69, 34),
	('c8003f65-1114-4bca-ab5b-fb51be8db40e', 26, '2019-03-15 00:00:00', '1984-07-01 00:00:00', 'Vulgar far apartments friends have.', 82, 45),
	('c9de5327-dfb5-4ac8-94f2-de7da1bd09c4', 24, '1996-11-29 00:00:00', '1995-12-30 00:00:00', 'Use offered on what use or finished.', 21, 11),
	('ca55b5cf-c75d-4c28-ac80-bc030e751e24', 18, '1989-06-12 00:00:00', '1971-06-16 00:00:00', 'Why what gay his of detract gay.', 20, 1),
	('cad9f781-f865-4f15-a327-6d0c9c02703d', 10, '2005-04-16 00:00:00', '1970-01-08 00:00:00', 'Three lain elsewhere what company.', 43, 22),
	('cff5e127-b3f5-4cf9-a506-606312d1fde5', 12, '1976-10-07 00:00:00', '1976-05-11 00:00:00', 'Apartments chicken possession.', 69, 32),
	('d11250b7-b4db-4d5e-b6e9-775d6f518ddb', 4, '2018-01-29 00:00:00', '1972-08-09 00:00:00', 'Am strictly of.', 90, 41),
	('d1f7739a-5c4f-40a7-93ed-8e0170f603f3', 1, '1993-08-07 00:00:00', '1970-01-29 00:00:00', 'Basket upon wish views son vicinity.', 23, 12),
	('d2075d29-4198-4316-bff1-6c5dd8e59c91', 13, '1978-01-26 00:00:00', '1970-02-11 00:00:00', 'Oh way in do.', 23, 12),
	('d20adccb-8ce1-4866-9bdf-38d162ab4d77', 2, '1992-04-08 00:00:00', '1970-01-08 00:00:00', 'Out reasonable herself thoughts get.', 52, 23),
	('d36bebcc-923a-4312-9336-4d15ec5d6dd7', 23, '1994-04-21 00:00:00', '1970-01-07 00:00:00', 'Shew favourable how.', 7, 1),
	('d373b2dd-f078-43df-a14e-f3d9c55c1179', 5, '1980-10-29 00:00:00', '1972-07-08 00:00:00', 'Besides the earnest chatty arrived.', 26, 18),
	('d4907e01-b057-4357-a7f1-99810909d757', 14, '1998-11-20 00:00:00', '1997-07-03 00:00:00', 'Son stanhill so nay smallest finished.', 23, 13),
	('d6bbe4ef-9d2f-4188-b7c8-ad7fde37c57e', 29, '1970-01-06 00:00:00', '1970-01-05 00:00:00', 'Learn like believe on delight of we.', 6, 8),
	('d7e2f2a9-376d-4aaf-89b4-1d520a339cf9', 2, '2009-07-17 00:00:00', '1971-10-19 00:00:00', 'Appearance he building.', 80, 39),
	('db566967-c655-46a1-a699-4bbe73ad78fa', 2, '2019-04-29 00:00:00', '2011-11-12 00:00:00', 'Expression so preferred twenty.', 74, 34),
	('dbf0142f-0391-450f-bc9e-334c793638c2', 11, '2016-09-02 00:00:00', '1987-04-24 00:00:00', 'Procuring being boisterous how.', 1, 1),
	('ddca54e3-3248-4eab-b005-0a63e0d7c520', 23, '2008-05-17 00:00:00', '1977-12-07 00:00:00', 'Gay call excited.', 11, 10),
	('de9a0d19-ca4a-4b85-a5bb-bb8cbc03f88a', 22, '1994-10-23 00:00:00', '1992-02-28 00:00:00', 'Stronger hardly one room me.', 19, 3),
	('df058fb0-aa27-447c-a9f2-a55d6f244b63', 19, '2018-10-23 00:00:00', '2003-12-24 00:00:00', 'At on of.', 59, 23),
	('e07dfaaf-b4fa-457e-b64e-d2bda31f0344', 26, '2003-10-02 00:00:00', '1970-03-11 00:00:00', 'On old shew two am him.', 32, 11),
	('e29e4beb-9fbf-4b23-86f4-130c4ffa020e', 16, '2010-08-30 00:00:00', '1978-09-11 00:00:00', 'Set age mr near hence age wife.', 64, 33),
	('e302b3c9-197b-43c9-b73d-ea3729a8abc9', 16, '1997-10-01 00:00:00', '1975-04-05 00:00:00', 'Kindness no can forming.', 20, 10),
	('e328b2fa-fd47-4430-b6d5-11e82540711c', 10, '2020-10-18 00:00:00', '1937-09-21 00:00:00', 'Hobbit', 101, 51),
	('e5912bab-9659-4713-ae81-752b8606939f', 1, '2017-03-18 00:00:00', '1971-09-14 00:00:00', 'Oh wife at felt.', 65, 33),
	('e79bb051-e830-48d6-a4d5-e975e5a17a4b', 14, '1971-08-23 00:00:00', '1970-01-03 00:00:00', 'Be on simple as.', 60, 29),
	('e8052a0e-84e5-436a-8828-4a7405592c29', 18, '2017-05-02 00:00:00', '1972-11-07 00:00:00', 'Vulgar day nay so terminated.', 8, 3),
	('e8c7bb30-22e8-4629-b704-878c7ae6aa6d', 19, '2008-04-14 00:00:00', '1970-01-03 00:00:00', 'Supply so gay in do lovers like.', 50, 22),
	('ea0caedc-46b3-45a8-baf6-232ab80dcf35', 22, '1988-01-03 00:00:00', '1986-02-04 00:00:00', 'How seemed at our five certainly.', 54, 28),
	('eb8a9837-0ae7-413f-b375-bc9aa0bd90ef', 24, '2001-01-12 00:00:00', '1995-12-20 00:00:00', 'Forbade are elsewhere but people to.', 73, 37),
	('ecda209d-bc6f-490b-bb16-4683a131d898', 9, '2000-01-29 00:00:00', '1995-11-26 00:00:00', 'Likewise it dejection attention.', 61, 31),
	('edb0416c-80b7-4ede-9ec0-d299fd7ac4c0', 27, '1982-11-03 00:00:00', '1981-03-21 00:00:00', 'People way danger do day set.', 3, 2),
	('ee5f73ac-f99a-4340-9abd-395796c601f5', 3, '2008-01-03 00:00:00', '1993-04-13 00:00:00', 'Are at set looking forbade right gay.', 61, 34),
	('efc895c5-7da6-4932-bba4-9d61d1682c72', 12, '1998-05-24 00:00:00', '1973-10-08 00:00:00', 'Now mr law how preferred affronting.', 46, 27),
	('f25049be-4706-42fc-85d4-c7df9db07954', 15, '1970-01-23 00:00:00', '1970-01-15 00:00:00', 'Be set if present up stimulated way.', 39, 13),
	('f3dfeb05-8cae-4061-b7cb-f8921f73b952', 18, '1995-04-29 00:00:00', '1970-01-09 00:00:00', 'His of by knowledge.', 4, 8),
	('f5c08f11-de0b-497b-ad9b-3110ec27fe12', 1, '2007-10-11 00:00:00', '1989-11-24 00:00:00', 'Son former income oh own views.', 40, 17),
	('f644393d-d8ab-40b8-874f-99882d4a85ad', 18, '1985-01-11 00:00:00', '1970-10-02 00:00:00', 'Everything he between case if real.', 92, 41),
	('f6cfdaa1-1a08-442d-b653-56ca18d10156', 22, '2007-10-31 00:00:00', '1996-03-28 00:00:00', 'If present nay.', 40, 12),
	('f8ea2f12-dc57-4dda-be83-143ee6483a41', 2, '2018-10-03 00:00:00', '1970-04-02 00:00:00', 'Income knowledge neither oh son or.', 23, 12),
	('f93c47e1-845f-477b-acbe-eabaeadd6a55', 13, '2006-10-11 00:00:00', '1972-10-27 00:00:00', 'Law wishes pursuit sigh change.', 84, 48),
	('f9f7d666-ec40-4bd2-8bde-71b8ca7f0da5', 24, '2002-05-05 00:00:00', '1974-04-03 00:00:00', 'True use at asked neither.', 100, 50),
	('fd1488fb-3ce4-483a-9824-dfeec25876c0', 22, '1971-04-11 00:00:00', '1970-01-04 00:00:00', 'Dejection busy in.', 45, 23),
	('fd9992d8-a4ee-42cb-b485-1ca517bf52f1', 19, '2019-04-04 00:00:00', '2014-11-20 00:00:00', 'In likewise bachelor hastily distance.', 44, 28),
	('fd9b5d60-d4f7-4f05-8a93-51eed81164f9', 5, '2020-09-19 00:00:00', '2015-12-02 00:00:00', 'Chatty so now wishes way wrote.', 55, 30),
	('fe3ef923-836b-4b9e-891c-3a2aa9c0e776', 22, '1976-06-25 00:00:00', '1970-01-09 00:00:00', 'Exertion gate spite to add if.', 54, 24),
	('fe5ca9bb-232d-4ba5-8fac-90bb465c6320', 27, '1988-06-11 00:00:00', '1970-01-20 00:00:00', 'Why agreeable room building people.', 81, 41);
/*!40000 ALTER TABLE `book` ENABLE KEYS */;


-- Tábla adatainak mentése wup.publisher: ~51 rows (hozzávetőleg)
/*!40000 ALTER TABLE `publisher` DISABLE KEYS */;
INSERT INTO `publisher` (`id`, `date_of_foundation`, `name`) VALUES
	(1, 1605, 'Pacific Explore Co.'),
	(2, 1931, 'Advanced Space Research Group'),
	(3, 1761, 'Special Space Explore Inc.'),
	(4, 1710, 'International Space Research Co.'),
	(5, 1804, 'International Travel Group'),
	(6, 1645, 'Western Devices Inc.'),
	(7, 1802, 'Smart Management Group'),
	(8, 1744, 'Professional Wind Energy Co.'),
	(9, 1628, 'International High-Technologies Corporation'),
	(10, 1755, 'Global Materials Corporation'),
	(11, 1734, 'Global Insurance Co.'),
	(12, 1664, 'Future A-Mobile Group'),
	(13, 1947, 'WorldWide Semiconductor Corporation'),
	(14, 1735, 'Special Space Explore Corporation'),
	(15, 1675, 'Domestic Media Corporation'),
	(16, 1685, 'Advanced Automotive Co.'),
	(17, 1995, 'Beyond Petroleum Corporation'),
	(18, 1852, 'Special Instruments Inc.'),
	(19, 1945, 'Global X-Mobile Group'),
	(20, 1675, 'South Investment Corporation'),
	(21, 1606, 'Global Explore Corporation'),
	(22, 1653, 'Special Mining Group'),
	(23, 1966, 'Federal High-Technologies Corporation'),
	(24, 1961, 'American Consulting Corporation'),
	(25, 1922, 'Home Travel Inc.'),
	(26, 1819, 'Canadian Fossil Fuel Energy Inc.'),
	(27, 1727, 'Advanced Space Research Inc.'),
	(28, 1792, 'Australian Delivery Corporation'),
	(29, 1618, 'City Financial Experts Corporation'),
	(30, 1867, 'Beyond High-Technologies Co.'),
	(31, 1747, 'Creative Space Explore Group'),
	(32, 1935, 'American Space Research Group'),
	(33, 1694, 'Creative R-Mobile Inc.'),
	(34, 1981, 'Professional Goods Corporation'),
	(35, 1606, 'Beyond Goods Corp.'),
	(36, 1907, 'Flexible Solar Energy Inc.'),
	(37, 1996, 'First Space Explore Corporation'),
	(38, 1752, 'Western Space Explore Group'),
	(39, 1710, 'General Security Co.'),
	(40, 1827, 'WorldWide Space Explore Inc.'),
	(41, 1871, 'East 3G Wireless Group'),
	(42, 1872, 'Future Protection Inc.'),
	(43, 1917, 'Australian Space Explore Group'),
	(44, 1630, 'Domestic Automotive Corporation'),
	(45, 1814, 'Special High-Technologies Group'),
	(46, 1705, 'Home Software Group'),
	(47, 1614, 'North Space Explore Inc.'),
	(48, 1879, 'South Wave Energy Corp.'),
	(49, 1674, 'WorldWide Natural Gas Energy Co.'),
	(50, 1694, 'Special Solar Resources Corp.'),
	(51, 1914, 'George Allen & Unwin');
/*!40000 ALTER TABLE `publisher` ENABLE KEYS */;

/*!40101 SET SQL_MODE=IFNULL(@OLD_SQL_MODE, '') */;
/*!40014 SET FOREIGN_KEY_CHECKS=IF(@OLD_FOREIGN_KEY_CHECKS IS NULL, 1, @OLD_FOREIGN_KEY_CHECKS) */;
/*!40101 SET CHARACTER_SET_CLIENT=@OLD_CHARACTER_SET_CLIENT */;
